feature,mean_harm,mean_benign,act_gap,freq_harm,freq_benign
10901,30.143723,16.65058,13.493143,1.0,1.0
12418,18.610184,8.80953,9.800653,0.84,0.53
1979,8.507901,0.4981242,8.009777,0.62,0.04
11139,6.539208,0.0,6.539208,0.47,0.0
8293,5.868615,0.0,5.868615,0.5,0.0
1389,6.586461,1.1266737,5.4597874,0.74,0.15
5167,5.414542,0.0,5.414542,0.54,0.0
5053,4.8738246,0.0,4.8738246,0.36,0.0
3866,4.6002245,0.21309473,4.38713,0.48,0.03
681,4.3094106,0.06630706,4.2431035,0.17,0.01
8255,4.3330636,0.1353949,4.1976686,0.37,0.02
3242,4.1065536,0.0,4.1065536,0.32,0.0
12800,9.065717,5.1498537,3.915863,0.78,0.42
6165,3.361896,0.12699184,3.2349043,0.23,0.01
5649,3.038938,0.0,3.038938,0.36,0.0
4747,3.0863059,0.05908617,3.0272198,0.23,0.01
14574,3.6215746,0.62048984,3.0010848,0.41,0.08
16130,2.9742496,0.0,2.9742496,0.27,0.0
299,2.8895786,0.0,2.8895786,0.27,0.0
14363,2.828517,0.0,2.828517,0.22,0.0
6530,2.9179695,0.1076045,2.810365,0.27,0.01
11044,2.8264513,0.05356634,2.7728848,0.21,0.01
12659,2.6078303,0.0,2.6078303,0.2,0.0
13990,2.8260226,0.29117826,2.5348444,0.33,0.04
12863,2.4535835,0.0,2.4535835,0.2,0.0
9192,2.5136638,0.07512396,2.4385397,0.17,0.01
2664,2.3657622,0.0,2.3657622,0.27,0.0
6683,2.4179335,0.058000993,2.3599324,0.21,0.01
16315,2.3993652,0.05171123,2.3476539,0.23,0.01
6990,2.31782,0.0,2.31782,0.17,0.0
4090,2.3079317,0.056065626,2.251866,0.3,0.01
5289,2.2042527,0.0,2.2042527,0.25,0.0
13568,2.203558,0.0,2.203558,0.28,0.0
3623,2.1919477,0.0,2.1919477,0.17,0.0
10129,2.1853955,0.0,2.1853955,0.25,0.0
3838,3.496474,1.3121486,2.1843255,0.32,0.1
11212,2.7108984,0.61388516,2.0970132,0.24,0.07
10393,2.4580054,0.36506885,2.0929365,0.33,0.05
10054,2.2062807,0.14639716,2.0598836,0.22,0.02
2666,2.0769749,0.054137915,2.022837,0.28,0.01
6882,3.502942,1.5238941,1.979048,0.41,0.19
3626,1.987254,0.05195921,1.9352949,0.28,0.01
3878,1.9246942,0.0,1.9246942,0.17,0.0
15307,1.9047807,0.0,1.9047807,0.15,0.0
8020,1.8894833,0.0,1.8894833,0.19,0.0
6459,1.8506662,0.0,1.8506662,0.23,0.0
14425,1.8418791,0.0,1.8418791,0.2,0.0
5528,1.891863,0.057340335,1.8345226,0.23,0.01
81,2.0053093,0.18229991,1.8230095,0.21,0.02
6045,1.7991413,0.0,1.7991413,0.11,0.0
1355,1.7953945,0.0,1.7953945,0.19,0.0
2161,1.912383,0.14074022,1.7716427,0.24,0.02
11084,1.7535249,0.0,1.7535249,0.19,0.0
6233,1.7398596,0.0,1.7398596,0.22,0.0
7469,2.545999,0.8088234,1.7371757,0.33,0.12
5236,1.7258726,0.0,1.7258726,0.18,0.0
14075,1.8412764,0.120822735,1.7204536,0.17,0.02
7807,1.7118999,0.0,1.7118999,0.2,0.0
9419,1.8679919,0.18548156,1.6825104,0.19,0.02
3076,1.8536578,0.18737978,1.6662781,0.24,0.02
11983,1.648188,0.0,1.648188,0.19,0.0
1220,1.5710379,0.0,1.5710379,0.17,0.0
9750,1.5487579,0.0,1.5487579,0.17,0.0
2990,1.753833,0.20603916,1.5477939,0.23,0.03
12079,1.7144011,0.18193537,1.5324657,0.21,0.03
14123,1.4810383,0.0,1.4810383,0.23,0.0
2941,1.4797544,0.0,1.4797544,0.13,0.0
8171,1.4719015,0.0,1.4719015,0.17,0.0
14366,1.4674395,0.0,1.4674395,0.12,0.0
2034,1.4574207,0.0,1.4574207,0.13,0.0
10483,1.5479989,0.12340875,1.4245901,0.12,0.01
13094,1.4890207,0.06649559,1.4225252,0.13,0.01
16061,1.4215498,0.0,1.4215498,0.14,0.0
150,3.108797,1.6959805,1.4128165,0.38,0.23
10777,2.7664554,1.3570949,1.4093605,0.39,0.2
15430,1.7742697,0.37017715,1.4040926,0.1,0.04
13334,1.3967261,0.0,1.3967261,0.16,0.0
10276,1.3728975,0.0,1.3728975,0.11,0.0
13297,1.9578233,0.5890833,1.36874,0.27,0.09
5399,1.7287925,0.37629575,1.3524969,0.24,0.06
9901,1.3457097,0.0,1.3457097,0.18,0.0
13293,2.4922028,1.177046,1.3151568,0.28,0.15
12001,1.4333527,0.12535848,1.3079942,0.14,0.02
40,1.2945099,0.0,1.2945099,0.15,0.0
4531,2.236014,0.9576637,1.2783501,0.26,0.13
1748,2.3549738,1.0854497,1.2695241,0.3,0.14
776,1.254571,0.0,1.254571,0.14,0.0
13349,2.844237,1.6074084,1.2368287,0.39,0.21
1503,1.2813565,0.052682243,1.2286742,0.16,0.01
14472,1.4093637,0.1827667,1.2265971,0.18,0.02
13717,1.2613279,0.061555058,1.1997728,0.12,0.01
16069,1.1656425,0.0,1.1656425,0.15,0.0
9236,1.2882717,0.124411695,1.16386,0.1,0.02
7123,1.211447,0.051711682,1.1597353,0.08,0.01
16054,1.2782983,0.16156912,1.1167291,0.12,0.02
6092,1.1107434,0.0,1.1107434,0.12,0.0
2983,1.248683,0.15490714,1.0937759,0.15,0.02
7965,1.2141027,0.12129818,1.0928046,0.17,0.01
4085,1.077067,0.0,1.077067,0.16,0.0
10087,1.0625144,0.0,1.0625144,0.12,0.0
9136,1.045982,0.0,1.045982,0.14,0.0
4052,1.0425527,0.0,1.0425527,0.09,0.0
7937,1.1079566,0.069325335,1.0386313,0.1,0.01
12673,1.0254436,0.0,1.0254436,0.12,0.0
7973,1.0202649,0.0,1.0202649,0.14,0.0
8889,2.046477,1.0316521,1.014825,0.23,0.12
15927,1.0144165,0.0,1.0144165,0.12,0.0
5893,1.0691845,0.060554165,1.0086304,0.15,0.01
3247,1.0698535,0.061839685,1.0080138,0.15,0.01
12454,1.2587508,0.25440967,1.0043411,0.14,0.03
12051,1.0029079,0.0,1.0029079,0.1,0.0
7803,1.121886,0.119312316,1.0025737,0.16,0.02
8885,1.1764709,0.1746632,1.0018077,0.11,0.01
5864,0.9994681,0.0,0.9994681,0.12,0.0
12184,0.9992028,0.0,0.9992028,0.13,0.0
6858,0.9989801,0.0,0.9989801,0.1,0.0
9718,0.99706686,0.0,0.99706686,0.11,0.0
8822,0.9873059,0.0,0.9873059,0.12,0.0
15435,0.9791041,0.0,0.9791041,0.11,0.0
517,0.9714043,0.0,0.9714043,0.12,0.0
13858,1.0025568,0.051507637,0.95104915,0.08,0.01
2509,1.1438636,0.19574985,0.9481137,0.17,0.03
2308,1.3090023,0.36484706,0.9441552,0.13,0.04
152,0.9366232,0.0,0.9366232,0.14,0.0
16010,0.9348602,0.0,0.9348602,0.12,0.0
14849,0.93420213,0.0,0.93420213,0.13,0.0
5804,0.93220466,0.0,0.93220466,0.1,0.0
4991,0.9305723,0.0,0.9305723,0.13,0.0
981,0.922326,0.0,0.922326,0.04,0.0
15627,0.91975653,0.0,0.91975653,0.08,0.0
14182,0.99188703,0.07605923,0.9158278,0.12,0.01
952,0.91445684,0.0,0.91445684,0.1,0.0
14156,0.9103808,0.0,0.9103808,0.08,0.0
15595,0.90571487,0.0,0.90571487,0.13,0.0
11509,0.8995762,0.0,0.8995762,0.13,0.0
13886,0.89908624,0.0,0.89908624,0.07,0.0
6529,0.89819044,0.0,0.89819044,0.13,0.0
15292,1.1293554,0.23267561,0.8966798,0.16,0.03
4979,1.0573504,0.17036724,0.88698316,0.11,0.01
7369,0.96660143,0.084186934,0.8824145,0.12,0.01
12696,0.88041013,0.0,0.88041013,0.09,0.0
12717,0.88003,0.0,0.88003,0.08,0.0
9668,0.8731294,0.0,0.8731294,0.08,0.0
3199,0.91537094,0.05128764,0.8640833,0.13,0.01
6757,0.91724366,0.060041,0.85720265,0.13,0.01
6803,0.9898043,0.13295977,0.85684454,0.06,0.01
14002,1.019194,0.17598774,0.8432063,0.13,0.02
8480,0.8421754,0.0,0.8421754,0.12,0.0
1816,0.8410634,0.0,0.8410634,0.12,0.0
4957,0.9494163,0.1130729,0.8363434,0.14,0.01
4611,1.0163347,0.19077626,0.8255584,0.13,0.02
9050,1.3214395,0.49895692,0.8224826,0.2,0.05
9696,1.2802728,0.4630145,0.81725836,0.18,0.06
9353,0.8121134,0.0,0.8121134,0.11,0.0
10465,0.8039385,0.0,0.8039385,0.09,0.0
3472,0.8032973,0.0,0.8032973,0.11,0.0
7954,0.79555726,0.0,0.79555726,0.09,0.0
9531,0.7931453,0.0,0.7931453,0.08,0.0
2932,0.7930478,0.0,0.7930478,0.05,0.0
6257,0.7891598,0.0,0.7891598,0.09,0.0
4153,0.7879014,0.0,0.7879014,0.05,0.0
10452,0.7866686,0.0,0.7866686,0.11,0.0
15143,0.7865562,0.0,0.7865562,0.11,0.0
3735,0.8468066,0.061814643,0.7849919,0.08,0.01
4253,0.85181254,0.069005005,0.7828075,0.07,0.01
1271,0.77927536,0.0,0.77927536,0.1,0.0
16360,1.0198812,0.24618307,0.7736982,0.13,0.03
8729,0.96697724,0.20585419,0.76112306,0.11,0.03
2249,1.1679871,0.40976593,0.75822115,0.17,0.06
13611,0.7527799,0.0,0.7527799,0.11,0.0
16200,0.74518365,0.0,0.74518365,0.1,0.0
5966,1.1130242,0.37758178,0.73544246,0.13,0.04
3162,0.98353326,0.2531227,0.7304106,0.11,0.03
14099,0.7298291,0.0,0.7298291,0.1,0.0
14764,0.727649,0.0,0.727649,0.06,0.0
15062,0.7274121,0.0,0.7274121,0.11,0.0
9360,0.7271302,0.0,0.7271302,0.08,0.0
5595,0.7249859,0.0,0.7249859,0.07,0.0
7498,0.7239314,0.0,0.7239314,0.1,0.0
15463,0.8831476,0.15927085,0.7238767,0.12,0.03
15128,0.7763716,0.057698898,0.7186727,0.06,0.01
10146,0.7185241,0.0,0.7185241,0.09,0.0
4936,0.7718738,0.053936362,0.7179374,0.1,0.01
1513,0.9503229,0.23656929,0.71375364,0.11,0.03
5251,0.70652777,0.0,0.70652777,0.06,0.0
1951,0.7581179,0.052098807,0.7060191,0.09,0.01
3276,0.81663865,0.11212905,0.7045096,0.08,0.02
12595,0.703065,0.0,0.703065,0.08,0.0
11246,0.70161253,0.0,0.70161253,0.06,0.0
2547,0.7568188,0.055294126,0.7015246,0.11,0.01
12527,0.70149744,0.0,0.70149744,0.05,0.0
2117,0.7553307,0.059023444,0.69630724,0.11,0.01
6253,0.99168104,0.296487,0.695194,0.11,0.04
12821,0.75693357,0.062013734,0.6949198,0.1,0.01
11239,0.8625175,0.17392054,0.68859696,0.13,0.03
12092,16.798697,16.111635,0.6870613,1.0,1.0
8846,1.0881389,0.40393105,0.6842079,0.14,0.06
12314,0.68077284,0.0,0.68077284,0.1,0.0
12458,0.8558063,0.17673603,0.67907023,0.11,0.03
806,0.6751336,0.0,0.6751336,0.11,0.0
